,sigma,optimizer,seed,r
0,0.1,rmsprop,1,1.0
1,0.1,cobyla,1,1.0
2,0.1,rmsprop,2,1.0
3,0.1,cobyla,2,1.0
4,0.1,rmsprop,3,1.0
5,0.1,cobyla,3,1.0
6,0.1,rmsprop,4,1.0
7,0.1,cobyla,4,1.0
8,0.1,rmsprop,5,1.0
9,0.1,cobyla,5,1.0
10,0.1,rmsprop,6,1.0
11,0.1,cobyla,6,1.0
12,0.1,rmsprop,7,0.8593490810223763
13,0.1,cobyla,7,1.0
14,0.1,rmsprop,8,1.0
15,0.1,cobyla,8,1.0
16,0.1,rmsprop,9,1.0
17,0.1,cobyla,9,1.0
18,0.1,rmsprop,10,1.0
19,0.1,cobyla,10,1.0
20,0.1,rmsprop,11,1.0
21,0.1,cobyla,11,1.0
22,0.1,rmsprop,12,0.9912378368988646
23,0.1,cobyla,12,0.9912378368988646
24,0.1,rmsprop,13,1.0
25,0.1,cobyla,13,1.0
26,0.1,rmsprop,14,1.0
27,0.1,cobyla,14,1.0
28,0.1,rmsprop,15,1.0
29,0.1,cobyla,15,1.0
30,0.1,rmsprop,16,1.0
31,0.1,cobyla,16,1.0
32,0.1,rmsprop,17,1.0
33,0.1,cobyla,17,1.0
34,0.1,rmsprop,18,1.0
35,0.1,cobyla,18,1.0
36,0.1,rmsprop,19,1.0
37,0.1,cobyla,19,1.0
38,0.1,rmsprop,20,0.8692603491223994
39,0.1,cobyla,20,1.0
40,0.1,rmsprop,21,1.0
41,0.1,cobyla,21,1.0
42,0.1,rmsprop,22,1.0
43,0.1,cobyla,22,1.0
44,0.1,rmsprop,23,1.0
45,0.1,cobyla,23,1.0
46,0.1,rmsprop,24,0.8602403394186158
47,0.1,cobyla,24,0.7175561596779643
48,0.1,rmsprop,25,0.8646535481945093
49,0.1,cobyla,25,0.8646535481945093
50,0.1,rmsprop,26,1.0
51,0.1,cobyla,26,1.0
52,0.1,rmsprop,27,1.0
53,0.1,cobyla,27,1.0
54,0.1,rmsprop,28,1.0
55,0.1,cobyla,28,1.0
56,0.1,rmsprop,29,1.0
57,0.1,cobyla,29,1.0
58,0.1,rmsprop,30,1.0
59,0.1,cobyla,30,1.0
60,0.1,rmsprop,31,1.0
61,0.1,cobyla,31,1.0
62,0.1,rmsprop,32,1.0
63,0.1,cobyla,32,1.0
64,0.1,rmsprop,33,1.0
65,0.1,cobyla,33,1.0
66,0.1,rmsprop,34,1.0
67,0.1,cobyla,34,1.0
68,0.1,rmsprop,35,1.0
69,0.1,cobyla,35,1.0
70,0.1,rmsprop,36,1.0
71,0.1,cobyla,36,0.8447944955947979
72,0.1,rmsprop,37,1.0
73,0.1,cobyla,37,1.0
74,0.1,rmsprop,38,1.0
75,0.1,cobyla,38,1.0
76,0.1,rmsprop,39,1.0
77,0.1,cobyla,39,1.0
78,0.1,rmsprop,40,0.9996696573810295
79,0.1,cobyla,40,0.9996696573810295
80,0.1,rmsprop,41,1.0
81,0.1,cobyla,41,1.0
82,0.1,rmsprop,42,1.0
83,0.1,cobyla,42,0.8538937583841615
84,0.1,rmsprop,43,1.0
85,0.1,cobyla,43,1.0
86,0.1,rmsprop,44,0.8450420703356945
87,0.1,cobyla,44,0.8450420703356945
88,0.1,rmsprop,45,1.0
89,0.1,cobyla,45,1.0
90,0.1,rmsprop,46,1.0
91,0.1,cobyla,46,1.0
92,0.1,rmsprop,47,1.0
93,0.1,cobyla,47,1.0
94,0.1,rmsprop,48,1.0
95,0.1,cobyla,48,1.0
96,0.1,rmsprop,49,1.0
97,0.1,cobyla,49,1.0
98,0.1,rmsprop,50,0.8698557770508398
99,0.1,cobyla,50,1.0
100,0.1,rmsprop,51,1.0
101,0.1,cobyla,51,1.0
102,0.1,rmsprop,52,1.0
103,0.1,cobyla,52,1.0
104,0.1,rmsprop,53,1.0
105,0.1,cobyla,53,1.0
106,0.1,rmsprop,54,1.0
107,0.1,cobyla,54,1.0
108,0.1,rmsprop,55,1.0
109,0.1,cobyla,55,1.0
110,0.1,rmsprop,56,1.0
111,0.1,cobyla,56,1.0
112,0.1,rmsprop,57,1.0
113,0.1,cobyla,57,1.0
114,0.1,rmsprop,58,1.0
115,0.1,cobyla,58,1.0
116,0.1,rmsprop,59,1.0
117,0.1,cobyla,59,1.0
118,0.1,rmsprop,60,1.0
119,0.1,cobyla,60,1.0
120,0.1,rmsprop,61,0.8503484798102519
121,0.1,cobyla,61,1.0
122,0.1,rmsprop,62,1.0
123,0.1,cobyla,62,1.0
124,0.1,rmsprop,63,1.0
125,0.1,cobyla,63,1.0
126,0.1,rmsprop,64,1.0
127,0.1,cobyla,64,1.0
128,0.1,rmsprop,65,1.0
129,0.1,cobyla,65,1.0
130,0.1,rmsprop,66,1.0
131,0.1,cobyla,66,1.0
132,0.1,rmsprop,67,0.9982696772595184
133,0.1,cobyla,67,0.9982696772595184
134,0.1,rmsprop,68,0.8451358914503747
135,0.1,cobyla,68,0.6797038169707834
136,0.1,rmsprop,69,1.0
137,0.1,cobyla,69,1.0
138,0.1,rmsprop,70,1.0
139,0.1,cobyla,70,1.0
140,0.1,rmsprop,71,1.0
141,0.1,cobyla,71,1.0
142,0.1,rmsprop,72,1.0
143,0.1,cobyla,72,1.0
144,0.1,rmsprop,73,1.0
145,0.1,cobyla,73,1.0
146,0.1,rmsprop,74,1.0
147,0.1,cobyla,74,1.0
148,0.1,rmsprop,75,1.0
149,0.1,cobyla,75,1.0
150,0.1,rmsprop,76,1.0
151,0.1,cobyla,76,1.0
152,0.1,rmsprop,77,1.0
153,0.1,cobyla,77,1.0
154,0.1,rmsprop,78,1.0
155,0.1,cobyla,78,1.0
156,0.1,rmsprop,79,1.0
157,0.1,cobyla,79,1.0
158,0.1,rmsprop,80,1.0
159,0.1,cobyla,80,1.0
160,0.1,rmsprop,81,1.0
161,0.1,cobyla,81,1.0
162,0.1,rmsprop,82,1.0
163,0.1,cobyla,82,1.0
164,0.1,rmsprop,83,0.9964590598470191
165,0.1,cobyla,83,0.9964590598470191
166,0.1,rmsprop,84,0.8502349112586448
167,0.1,cobyla,84,1.0
168,0.1,rmsprop,85,1.0
169,0.1,cobyla,85,1.0
170,0.1,rmsprop,86,1.0
171,0.1,cobyla,86,1.0
172,0.1,rmsprop,87,1.0
173,0.1,cobyla,87,1.0
174,0.1,rmsprop,88,1.0
175,0.1,cobyla,88,0.8648037685892229
176,0.1,rmsprop,89,1.0
177,0.1,cobyla,89,1.0
178,0.1,rmsprop,90,1.0
179,0.1,cobyla,90,1.0
180,0.1,rmsprop,91,1.0
181,0.1,cobyla,91,1.0
182,0.1,rmsprop,92,1.0
183,0.1,cobyla,92,1.0
184,0.1,rmsprop,93,1.0
185,0.1,cobyla,93,1.0
186,0.1,rmsprop,94,1.0
187,0.1,cobyla,94,1.0
188,0.1,rmsprop,95,1.0
189,0.1,cobyla,95,1.0
190,0.1,rmsprop,96,1.0
191,0.1,cobyla,96,1.0
192,0.1,rmsprop,97,1.0
193,0.1,cobyla,97,1.0
194,0.1,rmsprop,98,1.0
195,0.1,cobyla,98,1.0
196,0.1,rmsprop,99,1.0
197,0.1,cobyla,99,1.0
198,0.1,rmsprop,100,1.0
199,0.1,cobyla,100,1.0
200,1.0,rmsprop,1,1.0
201,1.0,cobyla,1,0.7483049793072721
202,1.0,rmsprop,2,1.0
203,1.0,cobyla,2,1.0
204,1.0,rmsprop,3,0.967284616931105
205,1.0,cobyla,3,1.0
206,1.0,rmsprop,4,1.0
207,1.0,cobyla,4,0.8185033501813059
208,1.0,rmsprop,5,1.0
209,1.0,cobyla,5,1.0
210,1.0,rmsprop,6,1.0
211,1.0,cobyla,6,1.0
212,1.0,rmsprop,7,0.8800728012835854
213,1.0,cobyla,7,1.0
214,1.0,rmsprop,8,1.0
215,1.0,cobyla,8,1.0
216,1.0,rmsprop,9,1.0
217,1.0,cobyla,9,1.0
218,1.0,rmsprop,10,1.0
219,1.0,cobyla,10,1.0
220,1.0,rmsprop,11,1.0
221,1.0,cobyla,11,1.0
222,1.0,rmsprop,12,1.0
223,1.0,cobyla,12,1.0
224,1.0,rmsprop,13,1.0
225,1.0,cobyla,13,0.8404618084297397
226,1.0,rmsprop,14,1.0
227,1.0,cobyla,14,0.8535728672405556
228,1.0,rmsprop,15,1.0
229,1.0,cobyla,15,0.9944575779601644
230,1.0,rmsprop,16,1.0
231,1.0,cobyla,16,1.0
232,1.0,rmsprop,17,1.0
233,1.0,cobyla,17,0.9410095726964378
234,1.0,rmsprop,18,1.0
235,1.0,cobyla,18,1.0
236,1.0,rmsprop,19,1.0
237,1.0,cobyla,19,1.0
238,1.0,rmsprop,20,0.9800332844325219
239,1.0,cobyla,20,0.8220642631902717
240,1.0,rmsprop,21,1.0
241,1.0,cobyla,21,0.9691581598694498
242,1.0,rmsprop,22,1.0
243,1.0,cobyla,22,1.0
244,1.0,rmsprop,23,1.0
245,1.0,cobyla,23,1.0
246,1.0,rmsprop,24,0.8879453460634321
247,1.0,cobyla,24,0.8657584834804084
248,1.0,rmsprop,25,0.9376044131441656
249,1.0,cobyla,25,0.9376044131441656
250,1.0,rmsprop,26,1.0
251,1.0,cobyla,26,0.8084599544737633
252,1.0,rmsprop,27,1.0
253,1.0,cobyla,27,1.0
254,1.0,rmsprop,28,0.9902316952785133
255,1.0,cobyla,28,0.9902316952785133
256,1.0,rmsprop,29,1.0
257,1.0,cobyla,29,0.8323880851167345
258,1.0,rmsprop,30,1.0
259,1.0,cobyla,30,1.0
260,1.0,rmsprop,31,1.0
261,1.0,cobyla,31,1.0
262,1.0,rmsprop,32,1.0
263,1.0,cobyla,32,1.0
264,1.0,rmsprop,33,1.0
265,1.0,cobyla,33,1.0
266,1.0,rmsprop,34,1.0
267,1.0,cobyla,34,0.8843404249946933
268,1.0,rmsprop,35,1.0
269,1.0,cobyla,35,1.0
270,1.0,rmsprop,36,0.9579377938430107
271,1.0,cobyla,36,0.9579377938430107
272,1.0,rmsprop,37,1.0
273,1.0,cobyla,37,0.9604506732037449
274,1.0,rmsprop,38,1.0
275,1.0,cobyla,38,1.0
276,1.0,rmsprop,39,1.0
277,1.0,cobyla,39,0.8009955465029199
278,1.0,rmsprop,40,0.8872663050465852
279,1.0,cobyla,40,0.8888462899152803
280,1.0,rmsprop,41,1.0
281,1.0,cobyla,41,1.0
282,1.0,rmsprop,42,1.0
283,1.0,cobyla,42,0.8241758333640294
284,1.0,rmsprop,43,1.0
285,1.0,cobyla,43,1.0
286,1.0,rmsprop,44,0.9544158114377614
287,1.0,cobyla,44,0.9079350164593811
288,1.0,rmsprop,45,1.0
289,1.0,cobyla,45,1.0
290,1.0,rmsprop,46,1.0
291,1.0,cobyla,46,1.0
292,1.0,rmsprop,47,1.0
293,1.0,cobyla,47,1.0
294,1.0,rmsprop,48,1.0
295,1.0,cobyla,48,1.0
296,1.0,rmsprop,49,1.0
297,1.0,cobyla,49,1.0
298,1.0,rmsprop,50,0.9914754477280875
299,1.0,cobyla,50,0.937163997984613
300,1.0,rmsprop,51,0.9592569727081335
301,1.0,cobyla,51,0.9592569727081335
302,1.0,rmsprop,52,1.0
303,1.0,cobyla,52,1.0
304,1.0,rmsprop,53,1.0
305,1.0,cobyla,53,1.0
306,1.0,rmsprop,54,1.0
307,1.0,cobyla,54,0.8713239821213816
308,1.0,rmsprop,55,1.0
309,1.0,cobyla,55,0.9118217848092465
310,1.0,rmsprop,56,1.0
311,1.0,cobyla,56,0.8622622833269133
312,1.0,rmsprop,57,1.0
313,1.0,cobyla,57,1.0
314,1.0,rmsprop,58,1.0
315,1.0,cobyla,58,1.0
316,1.0,rmsprop,59,1.0
317,1.0,cobyla,59,0.8835682721694516
318,1.0,rmsprop,60,1.0
319,1.0,cobyla,60,1.0
320,1.0,rmsprop,61,0.9996145529736276
321,1.0,cobyla,61,0.9764550102064625
322,1.0,rmsprop,62,1.0
323,1.0,cobyla,62,0.8551005065011751
324,1.0,rmsprop,63,1.0
325,1.0,cobyla,63,1.0
326,1.0,rmsprop,64,0.9745486180485202
327,1.0,cobyla,64,1.0
328,1.0,rmsprop,65,1.0
329,1.0,cobyla,65,0.8886421441127903
330,1.0,rmsprop,66,1.0
331,1.0,cobyla,66,0.8198203941432002
332,1.0,rmsprop,67,0.9433800787450786
333,1.0,cobyla,67,1.0
334,1.0,rmsprop,68,0.9534839112648248
335,1.0,cobyla,68,0.9341281300062081
336,1.0,rmsprop,69,1.0
337,1.0,cobyla,69,0.823094763714119
338,1.0,rmsprop,70,1.0
339,1.0,cobyla,70,0.8359428382476363
340,1.0,rmsprop,71,1.0
341,1.0,cobyla,71,1.0
342,1.0,rmsprop,72,1.0
343,1.0,cobyla,72,1.0
344,1.0,rmsprop,73,1.0
345,1.0,cobyla,73,0.8687754258459149
346,1.0,rmsprop,74,1.0
347,1.0,cobyla,74,1.0
348,1.0,rmsprop,75,1.0
349,1.0,cobyla,75,0.9592803427441919
350,1.0,rmsprop,76,1.0
351,1.0,cobyla,76,1.0
352,1.0,rmsprop,77,1.0
353,1.0,cobyla,77,1.0
354,1.0,rmsprop,78,1.0
355,1.0,cobyla,78,0.9483341606805685
356,1.0,rmsprop,79,1.0
357,1.0,cobyla,79,0.8235290505455646
358,1.0,rmsprop,80,1.0
359,1.0,cobyla,80,1.0
360,1.0,rmsprop,81,1.0
361,1.0,cobyla,81,1.0
362,1.0,rmsprop,82,1.0
363,1.0,cobyla,82,1.0
364,1.0,rmsprop,83,1.0
365,1.0,cobyla,83,0.9663757962201063
366,1.0,rmsprop,84,1.0
367,1.0,cobyla,84,0.9819405139911492
368,1.0,rmsprop,85,1.0
369,1.0,cobyla,85,0.9189017906849789
370,1.0,rmsprop,86,1.0
371,1.0,cobyla,86,1.0
372,1.0,rmsprop,87,1.0
373,1.0,cobyla,87,1.0
374,1.0,rmsprop,88,1.0
375,1.0,cobyla,88,0.8265708021533763
376,1.0,rmsprop,89,0.9962127597819426
377,1.0,cobyla,89,1.0
378,1.0,rmsprop,90,1.0
379,1.0,cobyla,90,0.8570078048220766
380,1.0,rmsprop,91,1.0
381,1.0,cobyla,91,0.9312970892467277
382,1.0,rmsprop,92,1.0
383,1.0,cobyla,92,0.860783929502762
384,1.0,rmsprop,93,1.0
385,1.0,cobyla,93,0.9871067954885557
386,1.0,rmsprop,94,1.0
387,1.0,cobyla,94,1.0
388,1.0,rmsprop,95,1.0
389,1.0,cobyla,95,0.6361716319733607
390,1.0,rmsprop,96,1.0
391,1.0,cobyla,96,1.0
392,1.0,rmsprop,97,1.0
393,1.0,cobyla,97,1.0
394,1.0,rmsprop,98,1.0
395,1.0,cobyla,98,1.0
396,1.0,rmsprop,99,1.0
397,1.0,cobyla,99,0.9364902086647721
398,1.0,rmsprop,100,1.0
399,1.0,cobyla,100,1.0
400,10.0,rmsprop,1,1.0
401,10.0,cobyla,1,1.0
402,10.0,rmsprop,2,1.0
403,10.0,cobyla,2,0.8397349212432191
404,10.0,rmsprop,3,1.0
405,10.0,cobyla,3,1.0
406,10.0,rmsprop,4,1.0
407,10.0,cobyla,4,1.0
408,10.0,rmsprop,5,1.0
409,10.0,cobyla,5,1.0
410,10.0,rmsprop,6,1.0
411,10.0,cobyla,6,1.0
412,10.0,rmsprop,7,1.0
413,10.0,cobyla,7,1.0
414,10.0,rmsprop,8,1.0
415,10.0,cobyla,8,0.9991134487787039
416,10.0,rmsprop,9,1.0
417,10.0,cobyla,9,1.0
418,10.0,rmsprop,10,1.0
419,10.0,cobyla,10,1.0
420,10.0,rmsprop,11,1.0
421,10.0,cobyla,11,1.0
422,10.0,rmsprop,12,1.0
423,10.0,cobyla,12,1.0
424,10.0,rmsprop,13,1.0
425,10.0,cobyla,13,1.0
426,10.0,rmsprop,14,1.0
427,10.0,cobyla,14,1.0
428,10.0,rmsprop,15,1.0
429,10.0,cobyla,15,1.0
430,10.0,rmsprop,16,1.0
431,10.0,cobyla,16,0.9530881563491204
432,10.0,rmsprop,17,1.0
433,10.0,cobyla,17,1.0
434,10.0,rmsprop,18,1.0
435,10.0,cobyla,18,1.0
436,10.0,rmsprop,19,1.0
437,10.0,cobyla,19,0.8095446910409668
438,10.0,rmsprop,20,1.0
439,10.0,cobyla,20,1.0
440,10.0,rmsprop,21,1.0
441,10.0,cobyla,21,1.0
442,10.0,rmsprop,22,1.0
443,10.0,cobyla,22,1.0
444,10.0,rmsprop,23,1.0
445,10.0,cobyla,23,1.0
446,10.0,rmsprop,24,1.0
447,10.0,cobyla,24,1.0
448,10.0,rmsprop,25,1.0
449,10.0,cobyla,25,1.0
450,10.0,rmsprop,26,1.0
451,10.0,cobyla,26,1.0
452,10.0,rmsprop,27,1.0
453,10.0,cobyla,27,1.0
454,10.0,rmsprop,28,1.0
455,10.0,cobyla,28,1.0
456,10.0,rmsprop,29,1.0
457,10.0,cobyla,29,1.0
458,10.0,rmsprop,30,1.0
459,10.0,cobyla,30,1.0
460,10.0,rmsprop,31,1.0
461,10.0,cobyla,31,0.9447130678295023
462,10.0,rmsprop,32,1.0
463,10.0,cobyla,32,1.0
464,10.0,rmsprop,33,1.0
465,10.0,cobyla,33,1.0
466,10.0,rmsprop,34,1.0
467,10.0,cobyla,34,1.0
468,10.0,rmsprop,35,1.0
469,10.0,cobyla,35,1.0
470,10.0,rmsprop,36,1.0
471,10.0,cobyla,36,0.9577351867064522
472,10.0,rmsprop,37,1.0
473,10.0,cobyla,37,1.0
474,10.0,rmsprop,38,1.0
475,10.0,cobyla,38,1.0
476,10.0,rmsprop,39,1.0
477,10.0,cobyla,39,1.0
478,10.0,rmsprop,40,1.0
479,10.0,cobyla,40,1.0
480,10.0,rmsprop,41,0.9880562116680187
481,10.0,cobyla,41,0.9819415690502674
482,10.0,rmsprop,42,1.0
483,10.0,cobyla,42,1.0
484,10.0,rmsprop,43,1.0
485,10.0,cobyla,43,1.0
486,10.0,rmsprop,44,1.0
487,10.0,cobyla,44,1.0
488,10.0,rmsprop,45,1.0
489,10.0,cobyla,45,1.0
490,10.0,rmsprop,46,1.0
491,10.0,cobyla,46,0.9958627019095234
492,10.0,rmsprop,47,1.0
493,10.0,cobyla,47,1.0
494,10.0,rmsprop,48,1.0
495,10.0,cobyla,48,1.0
496,10.0,rmsprop,49,1.0
497,10.0,cobyla,49,1.0
498,10.0,rmsprop,50,1.0
499,10.0,cobyla,50,1.0
500,10.0,rmsprop,51,1.0
501,10.0,cobyla,51,1.0
502,10.0,rmsprop,52,1.0
503,10.0,cobyla,52,0.9679857367787195
504,10.0,rmsprop,53,1.0
505,10.0,cobyla,53,1.0
506,10.0,rmsprop,54,1.0
507,10.0,cobyla,54,1.0
508,10.0,rmsprop,55,1.0
509,10.0,cobyla,55,1.0
510,10.0,rmsprop,56,1.0
511,10.0,cobyla,56,1.0
512,10.0,rmsprop,57,1.0
513,10.0,cobyla,57,1.0
514,10.0,rmsprop,58,1.0
515,10.0,cobyla,58,1.0
516,10.0,rmsprop,59,1.0
517,10.0,cobyla,59,1.0
518,10.0,rmsprop,60,1.0
519,10.0,cobyla,60,1.0
520,10.0,rmsprop,61,1.0
521,10.0,cobyla,61,1.0
522,10.0,rmsprop,62,1.0
523,10.0,cobyla,62,1.0
524,10.0,rmsprop,63,1.0
525,10.0,cobyla,63,1.0
526,10.0,rmsprop,64,0.9578395020204457
527,10.0,cobyla,64,0.9578395020204457
528,10.0,rmsprop,65,1.0
529,10.0,cobyla,65,1.0
530,10.0,rmsprop,66,1.0
531,10.0,cobyla,66,1.0
532,10.0,rmsprop,67,1.0
533,10.0,cobyla,67,1.0
534,10.0,rmsprop,68,0.9544322742407158
535,10.0,cobyla,68,0.9544322742407158
536,10.0,rmsprop,69,1.0
537,10.0,cobyla,69,1.0
538,10.0,rmsprop,70,1.0
539,10.0,cobyla,70,1.0
540,10.0,rmsprop,71,1.0
541,10.0,cobyla,71,1.0
542,10.0,rmsprop,72,1.0
543,10.0,cobyla,72,0.9373420056919544
544,10.0,rmsprop,73,1.0
545,10.0,cobyla,73,1.0
546,10.0,rmsprop,74,1.0
547,10.0,cobyla,74,1.0
548,10.0,rmsprop,75,1.0
549,10.0,cobyla,75,1.0
550,10.0,rmsprop,76,1.0
551,10.0,cobyla,76,1.0
552,10.0,rmsprop,77,1.0
553,10.0,cobyla,77,0.9736276014978947
554,10.0,rmsprop,78,1.0
555,10.0,cobyla,78,1.0
556,10.0,rmsprop,79,1.0
557,10.0,cobyla,79,1.0
558,10.0,rmsprop,80,1.0
559,10.0,cobyla,80,1.0
560,10.0,rmsprop,81,1.0
561,10.0,cobyla,81,1.0
562,10.0,rmsprop,82,1.0
563,10.0,cobyla,82,1.0
564,10.0,rmsprop,83,1.0
565,10.0,cobyla,83,1.0
566,10.0,rmsprop,84,1.0
567,10.0,cobyla,84,1.0
568,10.0,rmsprop,85,1.0
569,10.0,cobyla,85,1.0
570,10.0,rmsprop,86,1.0
571,10.0,cobyla,86,1.0
572,10.0,rmsprop,87,1.0
573,10.0,cobyla,87,1.0
574,10.0,rmsprop,88,1.0
575,10.0,cobyla,88,1.0
576,10.0,rmsprop,89,1.0
577,10.0,cobyla,89,0.973916956008067
578,10.0,rmsprop,90,1.0
579,10.0,cobyla,90,1.0
580,10.0,rmsprop,91,1.0
581,10.0,cobyla,91,1.0
582,10.0,rmsprop,92,1.0
583,10.0,cobyla,92,1.0
584,10.0,rmsprop,93,1.0
585,10.0,cobyla,93,1.0
586,10.0,rmsprop,94,1.0
587,10.0,cobyla,94,1.0
588,10.0,rmsprop,95,1.0
589,10.0,cobyla,95,1.0
590,10.0,rmsprop,96,1.0
591,10.0,cobyla,96,1.0
592,10.0,rmsprop,97,1.0
593,10.0,cobyla,97,1.0
594,10.0,rmsprop,98,1.0
595,10.0,cobyla,98,1.0
596,10.0,rmsprop,99,1.0
597,10.0,cobyla,99,1.0
598,10.0,rmsprop,100,1.0
599,10.0,cobyla,100,1.0
600,100.0,rmsprop,1,0.8247941321199841
601,100.0,cobyla,1,0.9897330165229042
602,100.0,rmsprop,2,0.8316455660916964
603,100.0,cobyla,2,0.8974629390787308
604,100.0,rmsprop,3,0.8941742272671532
605,100.0,cobyla,3,1.0
606,100.0,rmsprop,4,0.7878468985915611
607,100.0,cobyla,4,1.0
608,100.0,rmsprop,5,1.0
609,100.0,cobyla,5,0.9736005344812674
610,100.0,rmsprop,6,0.8817025620525922
611,100.0,cobyla,6,0.8221619514678561
612,100.0,rmsprop,7,0.7073059347794065
613,100.0,cobyla,7,1.0
614,100.0,rmsprop,8,1.0
615,100.0,cobyla,8,1.0
616,100.0,rmsprop,9,0.9815413979118814
617,100.0,cobyla,9,0.855470347544232
618,100.0,rmsprop,10,1.0
619,100.0,cobyla,10,1.0
620,100.0,rmsprop,11,0.6752688337434863
621,100.0,cobyla,11,1.0
622,100.0,rmsprop,12,0.8019844995101786
623,100.0,cobyla,12,1.0
624,100.0,rmsprop,13,1.0
625,100.0,cobyla,13,1.0
626,100.0,rmsprop,14,1.0
627,100.0,cobyla,14,1.0
628,100.0,rmsprop,15,1.0
629,100.0,cobyla,15,0.9153579662646762
630,100.0,rmsprop,16,0.897724507994377
631,100.0,cobyla,16,1.0
632,100.0,rmsprop,17,0.12085357507546694
633,100.0,cobyla,17,0.8142651924443274
634,100.0,rmsprop,18,0.6507705169764896
635,100.0,cobyla,18,0.8016726297857963
636,100.0,rmsprop,19,1.0
637,100.0,cobyla,19,1.0
638,100.0,rmsprop,20,0.5373568801624203
639,100.0,cobyla,20,0.8752353608791066
640,100.0,rmsprop,21,0.6407940383358653
641,100.0,cobyla,21,1.0
642,100.0,rmsprop,22,0.9457201403221552
643,100.0,cobyla,22,1.0
644,100.0,rmsprop,23,0.8662853411634668
645,100.0,cobyla,23,1.0
646,100.0,rmsprop,24,0.7488270371611953
647,100.0,cobyla,24,1.0
648,100.0,rmsprop,25,0.7051173929869773
649,100.0,cobyla,25,1.0
650,100.0,rmsprop,26,0.5039944627903006
651,100.0,cobyla,26,1.0
652,100.0,rmsprop,27,0.24951453019536912
653,100.0,cobyla,27,0.8980012085468192
654,100.0,rmsprop,28,0.8128459245514893
655,100.0,cobyla,28,1.0
656,100.0,rmsprop,29,0.8698851272689292
657,100.0,cobyla,29,0.787520333931428
658,100.0,rmsprop,30,0.27167475874340075
659,100.0,cobyla,30,1.0
660,100.0,rmsprop,31,1.0
661,100.0,cobyla,31,0.8977797654712056
662,100.0,rmsprop,32,1.0
663,100.0,cobyla,32,1.0
664,100.0,rmsprop,33,1.0
665,100.0,cobyla,33,0.8749314727691686
666,100.0,rmsprop,34,1.0
667,100.0,cobyla,34,0.7770326136501922
668,100.0,rmsprop,35,0.9311500819547378
669,100.0,cobyla,35,1.0
670,100.0,rmsprop,36,1.0
671,100.0,cobyla,36,1.0
672,100.0,rmsprop,37,0.9405084866623131
673,100.0,cobyla,37,1.0
674,100.0,rmsprop,38,0.49301844553498975
675,100.0,cobyla,38,0.8861402656454671
676,100.0,rmsprop,39,0.5900666864840981
677,100.0,cobyla,39,0.8570724709846838
678,100.0,rmsprop,40,1.0
679,100.0,cobyla,40,0.9927398702621041
680,100.0,rmsprop,41,0.9651918227067977
681,100.0,cobyla,41,0.8834024394066561
682,100.0,rmsprop,42,0.810715272775854
683,100.0,cobyla,42,1.0
684,100.0,rmsprop,43,1.0
685,100.0,cobyla,43,1.0
686,100.0,rmsprop,44,1.0
687,100.0,cobyla,44,0.7891822390256844
688,100.0,rmsprop,45,1.0
689,100.0,cobyla,45,0.8775604629638671
690,100.0,rmsprop,46,0.7568570712958612
691,100.0,cobyla,46,0.9916569615507681
692,100.0,rmsprop,47,0.4807839102018501
693,100.0,cobyla,47,0.752722337670329
694,100.0,rmsprop,48,1.0
695,100.0,cobyla,48,0.934064347036802
696,100.0,rmsprop,49,0.8440526012402122
697,100.0,cobyla,49,0.9211141345073185
698,100.0,rmsprop,50,1.0
699,100.0,cobyla,50,0.9746120404537205
700,100.0,rmsprop,51,0.32656380162097526
701,100.0,cobyla,51,1.0
702,100.0,rmsprop,52,0.9657011740183843
703,100.0,cobyla,52,0.8109041225682719
704,100.0,rmsprop,53,1.0
705,100.0,cobyla,53,0.9623130329796106
706,100.0,rmsprop,54,1.0
707,100.0,cobyla,54,0.943790477447487
708,100.0,rmsprop,55,0.9077579076309317
709,100.0,cobyla,55,0.8621494139213207
710,100.0,rmsprop,56,0.9852426622626799
711,100.0,cobyla,56,0.9536684639100923
712,100.0,rmsprop,57,0.43282143774213994
713,100.0,cobyla,57,0.9169625532447806
714,100.0,rmsprop,58,0.7174512439644938
715,100.0,cobyla,58,1.0
716,100.0,rmsprop,59,1.0
717,100.0,cobyla,59,0.9867345985394326
718,100.0,rmsprop,60,0.9854654896365109
719,100.0,cobyla,60,0.9288642359526923
720,100.0,rmsprop,61,0.5340648604790403
721,100.0,cobyla,61,0.9719395237582545
722,100.0,rmsprop,62,0.9724363526831755
723,100.0,cobyla,62,0.9887332720506197
724,100.0,rmsprop,63,1.0
725,100.0,cobyla,63,0.7641939601949113
726,100.0,rmsprop,64,0.8957662157650859
727,100.0,cobyla,64,1.0
728,100.0,rmsprop,65,1.0
729,100.0,cobyla,65,1.0
730,100.0,rmsprop,66,1.0
731,100.0,cobyla,66,1.0
732,100.0,rmsprop,67,1.0
733,100.0,cobyla,67,1.0
734,100.0,rmsprop,68,1.0
735,100.0,cobyla,68,0.9663753838241672
736,100.0,rmsprop,69,0.8945784174816679
737,100.0,cobyla,69,1.0
738,100.0,rmsprop,70,1.0
739,100.0,cobyla,70,1.0
740,100.0,rmsprop,71,0.9539142008814576
741,100.0,cobyla,71,1.0
742,100.0,rmsprop,72,0.8591577697612294
743,100.0,cobyla,72,0.8811138638765929
744,100.0,rmsprop,73,0.4428799454493786
745,100.0,cobyla,73,0.9159570674037992
746,100.0,rmsprop,74,1.0
747,100.0,cobyla,74,1.0
748,100.0,rmsprop,75,0.868411117439398
749,100.0,cobyla,75,0.7564648383319084
750,100.0,rmsprop,76,1.0
751,100.0,cobyla,76,1.0
752,100.0,rmsprop,77,0.8931831737643817
753,100.0,cobyla,77,0.8931831737643817
754,100.0,rmsprop,78,1.0
755,100.0,cobyla,78,1.0
756,100.0,rmsprop,79,0.742198186441088
757,100.0,cobyla,79,0.9841233821934627
758,100.0,rmsprop,80,1.0
759,100.0,cobyla,80,0.8924144392349332
760,100.0,rmsprop,81,0.7076868428938998
761,100.0,cobyla,81,0.747938222563668
762,100.0,rmsprop,82,1.0
763,100.0,cobyla,82,0.8823624101499539
764,100.0,rmsprop,83,0.5949460307079526
765,100.0,cobyla,83,0.9883912327041091
766,100.0,rmsprop,84,0.8553536048911862
767,100.0,cobyla,84,0.8791087592863918
768,100.0,rmsprop,85,0.7446546459360014
769,100.0,cobyla,85,0.9001904456670753
770,100.0,rmsprop,86,1.0
771,100.0,cobyla,86,1.0
772,100.0,rmsprop,87,0.8174934370680137
773,100.0,cobyla,87,0.8630165226219477
774,100.0,rmsprop,88,1.0
775,100.0,cobyla,88,0.8494433145806795
776,100.0,rmsprop,89,0.9999900206254423
777,100.0,cobyla,89,1.0
778,100.0,rmsprop,90,0.7093755280104903
779,100.0,cobyla,90,0.7904771391996976
780,100.0,rmsprop,91,1.0
781,100.0,cobyla,91,0.8846203688915485
782,100.0,rmsprop,92,0.9446213449313484
783,100.0,cobyla,92,1.0
784,100.0,rmsprop,93,1.0
785,100.0,cobyla,93,0.6254904805911867
786,100.0,rmsprop,94,0.8317166786220694
787,100.0,cobyla,94,1.0
788,100.0,rmsprop,95,0.958625303845151
789,100.0,cobyla,95,0.9048330924684534
790,100.0,rmsprop,96,0.8591040973883739
791,100.0,cobyla,96,1.0
792,100.0,rmsprop,97,1.0
793,100.0,cobyla,97,1.0
794,100.0,rmsprop,98,1.0
795,100.0,cobyla,98,1.0
796,100.0,rmsprop,99,1.0
797,100.0,cobyla,99,1.0
798,100.0,rmsprop,100,0.8143355552808986
799,100.0,cobyla,100,0.9302755222151813
800,0.1,nelder-mead,1,1.0
801,0.1,nelder-mead,2,1.0
802,0.1,nelder-mead,3,1.0
803,0.1,nelder-mead,4,1.0
804,0.1,nelder-mead,5,1.0
805,0.1,nelder-mead,6,1.0
806,0.1,nelder-mead,7,1.0
807,0.1,nelder-mead,8,1.0
808,0.1,nelder-mead,9,1.0
809,0.1,nelder-mead,10,1.0
810,0.1,nelder-mead,11,1.0
811,0.1,nelder-mead,12,0.9912378368988646
812,0.1,nelder-mead,13,1.0
813,0.1,nelder-mead,14,1.0
814,0.1,nelder-mead,15,1.0
815,0.1,nelder-mead,16,1.0
816,0.1,nelder-mead,17,1.0
817,0.1,nelder-mead,18,1.0
818,0.1,nelder-mead,19,1.0
819,0.1,nelder-mead,20,0.8692603491223994
820,0.1,nelder-mead,21,1.0
821,0.1,nelder-mead,22,1.0
822,0.1,nelder-mead,23,1.0
823,0.1,nelder-mead,24,0.8602403394186158
824,0.1,nelder-mead,25,0.8646535481945093
825,0.1,nelder-mead,26,1.0
826,0.1,nelder-mead,27,1.0
827,0.1,nelder-mead,28,1.0
828,0.1,nelder-mead,29,1.0
829,0.1,nelder-mead,30,1.0
830,0.1,nelder-mead,31,1.0
831,0.1,nelder-mead,32,1.0
832,0.1,nelder-mead,33,1.0
833,0.1,nelder-mead,34,1.0
834,0.1,nelder-mead,35,1.0
835,0.1,nelder-mead,36,1.0
836,0.1,nelder-mead,37,1.0
837,0.1,nelder-mead,38,1.0
838,0.1,nelder-mead,39,1.0
839,0.1,nelder-mead,40,0.9996696573810295
840,0.1,nelder-mead,41,1.0
841,0.1,nelder-mead,42,1.0
842,0.1,nelder-mead,43,1.0
843,0.1,nelder-mead,44,0.8450420703356945
844,0.1,nelder-mead,45,1.0
845,0.1,nelder-mead,46,1.0
846,0.1,nelder-mead,47,1.0
847,0.1,nelder-mead,48,1.0
848,0.1,nelder-mead,49,1.0
849,0.1,nelder-mead,50,1.0
850,0.1,nelder-mead,51,1.0
851,0.1,nelder-mead,52,1.0
852,0.1,nelder-mead,53,1.0
853,0.1,nelder-mead,54,1.0
854,0.1,nelder-mead,55,1.0
855,0.1,nelder-mead,56,1.0
856,0.1,nelder-mead,57,1.0
857,0.1,nelder-mead,58,1.0
858,0.1,nelder-mead,59,1.0
859,0.1,nelder-mead,60,1.0
860,0.1,nelder-mead,61,0.8503484798102519
861,0.1,nelder-mead,62,1.0
862,0.1,nelder-mead,63,1.0
863,0.1,nelder-mead,64,1.0
864,0.1,nelder-mead,65,1.0
865,0.1,nelder-mead,66,1.0
866,0.1,nelder-mead,67,0.9982696772595184
867,0.1,nelder-mead,68,0.8451358914503747
868,0.1,nelder-mead,69,1.0
869,0.1,nelder-mead,70,1.0
870,0.1,nelder-mead,71,1.0
871,0.1,nelder-mead,72,1.0
872,0.1,nelder-mead,73,1.0
873,0.1,nelder-mead,74,1.0
874,0.1,nelder-mead,75,1.0
875,0.1,nelder-mead,76,1.0
876,0.1,nelder-mead,77,1.0
877,0.1,nelder-mead,78,1.0
878,0.1,nelder-mead,79,1.0
879,0.1,nelder-mead,80,1.0
880,0.1,nelder-mead,81,1.0
881,0.1,nelder-mead,82,1.0
882,0.1,nelder-mead,83,0.9964590598470191
883,0.1,nelder-mead,84,0.8502349112586448
884,0.1,nelder-mead,85,1.0
885,0.1,nelder-mead,86,1.0
886,0.1,nelder-mead,87,1.0
887,0.1,nelder-mead,88,1.0
888,0.1,nelder-mead,89,1.0
889,0.1,nelder-mead,90,1.0
890,0.1,nelder-mead,91,1.0
891,0.1,nelder-mead,92,1.0
892,0.1,nelder-mead,93,1.0
893,0.1,nelder-mead,94,1.0
894,0.1,nelder-mead,95,1.0
895,0.1,nelder-mead,96,1.0
896,0.1,nelder-mead,97,1.0
897,0.1,nelder-mead,98,1.0
898,0.1,nelder-mead,99,1.0
899,0.1,nelder-mead,100,1.0
900,1.0,nelder-mead,1,1.0
901,1.0,nelder-mead,2,1.0
902,1.0,nelder-mead,3,0.967284616931105
903,1.0,nelder-mead,4,1.0
904,1.0,nelder-mead,5,1.0
905,1.0,nelder-mead,6,1.0
906,1.0,nelder-mead,7,1.0
907,1.0,nelder-mead,8,1.0
908,1.0,nelder-mead,9,1.0
909,1.0,nelder-mead,10,1.0
910,1.0,nelder-mead,11,1.0
911,1.0,nelder-mead,12,1.0
912,1.0,nelder-mead,13,1.0
913,1.0,nelder-mead,14,1.0
914,1.0,nelder-mead,15,1.0
915,1.0,nelder-mead,16,1.0
916,1.0,nelder-mead,17,1.0
917,1.0,nelder-mead,18,1.0
918,1.0,nelder-mead,19,1.0
919,1.0,nelder-mead,20,0.9800332844325219
920,1.0,nelder-mead,21,1.0
921,1.0,nelder-mead,22,1.0
922,1.0,nelder-mead,23,1.0
923,1.0,nelder-mead,24,0.8879453460634321
924,1.0,nelder-mead,25,0.9376044131441656
925,1.0,nelder-mead,26,1.0
926,1.0,nelder-mead,27,1.0
927,1.0,nelder-mead,28,0.9902316952785133
928,1.0,nelder-mead,29,1.0
929,1.0,nelder-mead,30,1.0
930,1.0,nelder-mead,31,1.0
931,1.0,nelder-mead,32,1.0
932,1.0,nelder-mead,33,1.0
933,1.0,nelder-mead,34,1.0
934,1.0,nelder-mead,35,1.0
935,1.0,nelder-mead,36,0.9579377938430107
936,1.0,nelder-mead,37,1.0
937,1.0,nelder-mead,38,1.0
938,1.0,nelder-mead,39,1.0
939,1.0,nelder-mead,40,1.0
940,1.0,nelder-mead,41,1.0
941,1.0,nelder-mead,42,1.0
942,1.0,nelder-mead,43,1.0
943,1.0,nelder-mead,44,0.9544158114377614
944,1.0,nelder-mead,45,1.0
945,1.0,nelder-mead,46,1.0
946,1.0,nelder-mead,47,1.0
947,1.0,nelder-mead,48,1.0
948,1.0,nelder-mead,49,1.0
949,1.0,nelder-mead,50,0.9914754477280875
950,1.0,nelder-mead,51,0.9592569727081335
951,1.0,nelder-mead,52,1.0
952,1.0,nelder-mead,53,1.0
953,1.0,nelder-mead,54,1.0
954,1.0,nelder-mead,55,1.0
955,1.0,nelder-mead,56,1.0
956,1.0,nelder-mead,57,1.0
957,1.0,nelder-mead,58,1.0
958,1.0,nelder-mead,59,1.0
959,1.0,nelder-mead,60,1.0
960,1.0,nelder-mead,61,0.9996145529736276
961,1.0,nelder-mead,62,1.0
962,1.0,nelder-mead,63,1.0
963,1.0,nelder-mead,64,0.9745486180485202
964,1.0,nelder-mead,65,1.0
965,1.0,nelder-mead,66,1.0
966,1.0,nelder-mead,67,0.9433800787450786
967,1.0,nelder-mead,68,0.9534839112648248
968,1.0,nelder-mead,69,1.0
969,1.0,nelder-mead,70,1.0
970,1.0,nelder-mead,71,1.0
971,1.0,nelder-mead,72,1.0
972,1.0,nelder-mead,73,1.0
973,1.0,nelder-mead,74,1.0
974,1.0,nelder-mead,75,1.0
975,1.0,nelder-mead,76,1.0
976,1.0,nelder-mead,77,1.0
977,1.0,nelder-mead,78,1.0
978,1.0,nelder-mead,79,1.0
979,1.0,nelder-mead,80,1.0
980,1.0,nelder-mead,81,1.0
981,1.0,nelder-mead,82,1.0
982,1.0,nelder-mead,83,1.0
983,1.0,nelder-mead,84,1.0
984,1.0,nelder-mead,85,1.0
985,1.0,nelder-mead,86,1.0
986,1.0,nelder-mead,87,1.0
987,1.0,nelder-mead,88,1.0
988,1.0,nelder-mead,89,1.0
989,1.0,nelder-mead,90,1.0
990,1.0,nelder-mead,91,1.0
991,1.0,nelder-mead,92,1.0
992,1.0,nelder-mead,93,1.0
993,1.0,nelder-mead,94,1.0
994,1.0,nelder-mead,95,1.0
995,1.0,nelder-mead,96,1.0
996,1.0,nelder-mead,97,1.0
997,1.0,nelder-mead,98,1.0
998,1.0,nelder-mead,99,1.0
999,1.0,nelder-mead,100,1.0
1000,10.0,nelder-mead,1,1.0
1001,10.0,nelder-mead,2,1.0
1002,10.0,nelder-mead,3,1.0
1003,10.0,nelder-mead,4,1.0
1004,10.0,nelder-mead,5,1.0
1005,10.0,nelder-mead,6,1.0
1006,10.0,nelder-mead,7,1.0
1007,10.0,nelder-mead,8,1.0
1008,10.0,nelder-mead,9,1.0
1009,10.0,nelder-mead,10,1.0
1010,10.0,nelder-mead,11,1.0
1011,10.0,nelder-mead,12,1.0
1012,10.0,nelder-mead,13,1.0
1013,10.0,nelder-mead,14,1.0
1014,10.0,nelder-mead,15,1.0
1015,10.0,nelder-mead,16,1.0
1016,10.0,nelder-mead,17,1.0
1017,10.0,nelder-mead,18,1.0
1018,10.0,nelder-mead,19,1.0
1019,10.0,nelder-mead,20,1.0
1020,10.0,nelder-mead,21,1.0
1021,10.0,nelder-mead,22,1.0
1022,10.0,nelder-mead,23,1.0
1023,10.0,nelder-mead,24,1.0
1024,10.0,nelder-mead,25,1.0
1025,10.0,nelder-mead,26,1.0
1026,10.0,nelder-mead,27,1.0
1027,10.0,nelder-mead,28,1.0
1028,10.0,nelder-mead,29,1.0
1029,10.0,nelder-mead,30,1.0
1030,10.0,nelder-mead,31,1.0
1031,10.0,nelder-mead,32,1.0
1032,10.0,nelder-mead,33,1.0
1033,10.0,nelder-mead,34,1.0
1034,10.0,nelder-mead,35,1.0
1035,10.0,nelder-mead,36,1.0
1036,10.0,nelder-mead,37,1.0
1037,10.0,nelder-mead,38,1.0
1038,10.0,nelder-mead,39,1.0
1039,10.0,nelder-mead,40,1.0
1040,10.0,nelder-mead,41,0.9880562116680187
1041,10.0,nelder-mead,42,1.0
1042,10.0,nelder-mead,43,1.0
1043,10.0,nelder-mead,44,1.0
1044,10.0,nelder-mead,45,1.0
1045,10.0,nelder-mead,46,1.0
1046,10.0,nelder-mead,47,1.0
1047,10.0,nelder-mead,48,1.0
1048,10.0,nelder-mead,49,1.0
1049,10.0,nelder-mead,50,1.0
1050,10.0,nelder-mead,51,1.0
1051,10.0,nelder-mead,52,1.0
1052,10.0,nelder-mead,53,1.0
1053,10.0,nelder-mead,54,1.0
1054,10.0,nelder-mead,55,1.0
1055,10.0,nelder-mead,56,1.0
1056,10.0,nelder-mead,57,1.0
1057,10.0,nelder-mead,58,1.0
1058,10.0,nelder-mead,59,1.0
1059,10.0,nelder-mead,60,1.0
1060,10.0,nelder-mead,61,1.0
1061,10.0,nelder-mead,62,1.0
1062,10.0,nelder-mead,63,1.0
1063,10.0,nelder-mead,64,0.9578395020204457
1064,10.0,nelder-mead,65,1.0
1065,10.0,nelder-mead,66,1.0
1066,10.0,nelder-mead,67,1.0
1067,10.0,nelder-mead,68,0.9544322742407158
1068,10.0,nelder-mead,69,1.0
1069,10.0,nelder-mead,70,1.0
1070,10.0,nelder-mead,71,1.0
1071,10.0,nelder-mead,72,1.0
1072,10.0,nelder-mead,73,1.0
1073,10.0,nelder-mead,74,1.0
1074,10.0,nelder-mead,75,1.0
1075,10.0,nelder-mead,76,1.0
1076,10.0,nelder-mead,77,1.0
1077,10.0,nelder-mead,78,1.0
1078,10.0,nelder-mead,79,1.0
1079,10.0,nelder-mead,80,1.0
1080,10.0,nelder-mead,81,1.0
1081,10.0,nelder-mead,82,1.0
1082,10.0,nelder-mead,83,1.0
1083,10.0,nelder-mead,84,1.0
1084,10.0,nelder-mead,85,1.0
1085,10.0,nelder-mead,86,1.0
1086,10.0,nelder-mead,87,1.0
1087,10.0,nelder-mead,88,1.0
1088,10.0,nelder-mead,89,1.0
1089,10.0,nelder-mead,90,1.0
1090,10.0,nelder-mead,91,1.0
1091,10.0,nelder-mead,92,1.0
1092,10.0,nelder-mead,93,1.0
1093,10.0,nelder-mead,94,1.0
1094,10.0,nelder-mead,95,1.0
1095,10.0,nelder-mead,96,1.0
1096,10.0,nelder-mead,97,1.0
1097,10.0,nelder-mead,98,1.0
1098,10.0,nelder-mead,99,1.0
1099,10.0,nelder-mead,100,1.0
1100,100.0,nelder-mead,1,0.7564488564562041
1101,100.0,nelder-mead,2,0.8316455660916964
1102,100.0,nelder-mead,3,0.7730625340270011
1103,100.0,nelder-mead,4,1.0
1104,100.0,nelder-mead,5,0.6848987978618768
1105,100.0,nelder-mead,6,0.7001598703809006
1106,100.0,nelder-mead,7,1.0
1107,100.0,nelder-mead,8,0.8873854857212681
1108,100.0,nelder-mead,9,1.0
1109,100.0,nelder-mead,10,1.0
1110,100.0,nelder-mead,11,1.0
1111,100.0,nelder-mead,12,0.6677499361596678
1112,100.0,nelder-mead,13,1.0
1113,100.0,nelder-mead,14,1.0
1114,100.0,nelder-mead,15,1.0
1115,100.0,nelder-mead,16,1.0
1116,100.0,nelder-mead,17,0.8528299196885125
1117,100.0,nelder-mead,18,1.0
1118,100.0,nelder-mead,19,0.7218670577845979
1119,100.0,nelder-mead,20,1.0
1120,100.0,nelder-mead,21,1.0
1121,100.0,nelder-mead,22,1.0
1122,100.0,nelder-mead,23,1.0
1123,100.0,nelder-mead,24,1.0
1124,100.0,nelder-mead,25,1.0
1125,100.0,nelder-mead,26,1.0
1126,100.0,nelder-mead,27,1.0
1127,100.0,nelder-mead,28,0.860870367916646
1128,100.0,nelder-mead,29,0.6711257408220441
1129,100.0,nelder-mead,30,1.0
1130,100.0,nelder-mead,31,1.0
1131,100.0,nelder-mead,32,0.9077889515840462
1132,100.0,nelder-mead,33,0.8093120148459294
1133,100.0,nelder-mead,34,1.0
1134,100.0,nelder-mead,35,1.0
1135,100.0,nelder-mead,36,0.9424977945571443
1136,100.0,nelder-mead,37,1.0
1137,100.0,nelder-mead,38,0.9883529557141186
1138,100.0,nelder-mead,39,1.0
1139,100.0,nelder-mead,40,0.5912649012780644
1140,100.0,nelder-mead,41,1.0
1141,100.0,nelder-mead,42,0.7936085411436219
1142,100.0,nelder-mead,43,0.7024369217050125
1143,100.0,nelder-mead,44,0.5927474283616775
1144,100.0,nelder-mead,45,1.0
1145,100.0,nelder-mead,46,1.0
1146,100.0,nelder-mead,47,0.752722337670329
1147,100.0,nelder-mead,48,0.905158299471696
1148,100.0,nelder-mead,49,0.6546535384326857
1149,100.0,nelder-mead,50,0.826430132067675
1150,100.0,nelder-mead,51,1.0
1151,100.0,nelder-mead,52,0.8889399636772758
1152,100.0,nelder-mead,53,0.49686333842857633
1153,100.0,nelder-mead,54,1.0
1154,100.0,nelder-mead,55,1.0
1155,100.0,nelder-mead,56,0.8601927659958114
1156,100.0,nelder-mead,57,1.0
1157,100.0,nelder-mead,58,0.7882735194624418
1158,100.0,nelder-mead,59,0.39502559500349743
1159,100.0,nelder-mead,60,0.8923171061489616
1160,100.0,nelder-mead,61,1.0
1161,100.0,nelder-mead,62,0.792197145913188
1162,100.0,nelder-mead,63,0.6651480836547233
1163,100.0,nelder-mead,64,0.791988282918428
1164,100.0,nelder-mead,65,1.0
1165,100.0,nelder-mead,66,0.6767610332964471
1166,100.0,nelder-mead,67,1.0
1167,100.0,nelder-mead,68,0.9663753838241672
1168,100.0,nelder-mead,69,0.8869927023278064
1169,100.0,nelder-mead,70,1.0
1170,100.0,nelder-mead,71,0.9231036641454333
1171,100.0,nelder-mead,72,0.8145319629881933
1172,100.0,nelder-mead,73,1.0
1173,100.0,nelder-mead,74,0.8679515996320062
1174,100.0,nelder-mead,75,1.0
1175,100.0,nelder-mead,76,0.9234022775794937
1176,100.0,nelder-mead,77,0.6462458355118461
1177,100.0,nelder-mead,78,1.0
1178,100.0,nelder-mead,79,0.9408247618329162
1179,100.0,nelder-mead,80,0.9095736883435874
1180,100.0,nelder-mead,81,0.7960152759457992
1181,100.0,nelder-mead,82,1.0
1182,100.0,nelder-mead,83,1.0
1183,100.0,nelder-mead,84,1.0
1184,100.0,nelder-mead,85,0.409424444694814
1185,100.0,nelder-mead,86,1.0
1186,100.0,nelder-mead,87,1.0
1187,100.0,nelder-mead,88,0.9493998895553049
1188,100.0,nelder-mead,89,1.0
1189,100.0,nelder-mead,90,0.8683036574047569
1190,100.0,nelder-mead,91,1.0
1191,100.0,nelder-mead,92,0.9446213449313484
1192,100.0,nelder-mead,93,1.0
1193,100.0,nelder-mead,94,1.0
1194,100.0,nelder-mead,95,1.0
1195,100.0,nelder-mead,96,1.0
1196,100.0,nelder-mead,97,1.0
1197,100.0,nelder-mead,98,0.6509751740568163
1198,100.0,nelder-mead,99,1.0
1199,100.0,nelder-mead,100,1.0
1200,0.1,powell,1,1.0
1201,0.1,powell,2,1.0
1202,0.1,powell,3,1.0
1203,0.1,powell,4,1.0
1204,0.1,powell,5,1.0
1205,0.1,powell,6,1.0
1206,0.1,powell,7,1.0
1207,0.1,powell,8,1.0
1208,0.1,powell,9,1.0
1209,0.1,powell,10,1.0
1210,0.1,powell,11,1.0
1211,0.1,powell,12,0.9907182983727192
1212,0.1,powell,13,1.0
1213,0.1,powell,14,1.0
1214,0.1,powell,15,1.0
1215,0.1,powell,16,1.0
1216,0.1,powell,17,1.0
1217,0.1,powell,18,1.0
1218,0.1,powell,19,1.0
1219,0.1,powell,20,0.8578670016387302
1220,0.1,powell,21,1.0
1221,0.1,powell,22,1.0
1222,0.1,powell,23,1.0
1223,0.1,powell,24,1.0
1224,0.1,powell,25,0.9947962198057769
1225,0.1,powell,26,1.0
1226,0.1,powell,27,1.0
1227,0.1,powell,28,0.8699788076830938
1228,0.1,powell,29,1.0
1229,0.1,powell,30,1.0
1230,0.1,powell,31,1.0
1231,0.1,powell,32,1.0
1232,0.1,powell,33,1.0
1233,0.1,powell,34,1.0
1234,0.1,powell,35,0.8333184934955989
1235,0.1,powell,36,0.8447944955947979
1236,0.1,powell,37,1.0
1237,0.1,powell,38,1.0
1238,0.1,powell,39,1.0
1239,0.1,powell,40,1.0
1240,0.1,powell,41,1.0
1241,0.1,powell,42,1.0
1242,0.1,powell,43,1.0
1243,0.1,powell,44,1.0
1244,0.1,powell,45,1.0
1245,0.1,powell,46,1.0
1246,0.1,powell,47,1.0
1247,0.1,powell,48,1.0
1248,0.1,powell,49,1.0
1249,0.1,powell,50,0.8647158693957638
1250,0.1,powell,51,0.8663007959804542
1251,0.1,powell,52,1.0
1252,0.1,powell,53,1.0
1253,0.1,powell,54,1.0
1254,0.1,powell,55,1.0
1255,0.1,powell,56,1.0
1256,0.1,powell,57,1.0
1257,0.1,powell,58,1.0
1258,0.1,powell,59,0.9916776256285765
1259,0.1,powell,60,1.0
1260,0.1,powell,61,0.843697465675421
1261,0.1,powell,62,0.988274056978396
1262,0.1,powell,63,1.0
1263,0.1,powell,64,1.0
1264,0.1,powell,65,0.9980343423266358
1265,0.1,powell,66,1.0
1266,0.1,powell,67,0.9982696772595184
1267,0.1,powell,68,0.8347639116330497
1268,0.1,powell,69,0.8511793929261267
1269,0.1,powell,70,1.0
1270,0.1,powell,71,1.0
1271,0.1,powell,72,1.0
1272,0.1,powell,73,0.8277221139108641
1273,0.1,powell,74,0.9949076368183382
1274,0.1,powell,75,1.0
1275,0.1,powell,76,1.0
1276,0.1,powell,77,1.0
1277,0.1,powell,78,0.9943920326385515
1278,0.1,powell,79,1.0
1279,0.1,powell,80,1.0
1280,0.1,powell,81,1.0
1281,0.1,powell,82,1.0
1282,0.1,powell,83,0.9956147624020028
1283,0.1,powell,84,0.8422705697778373
1284,0.1,powell,85,1.0
1285,0.1,powell,86,0.9916491023392457
1286,0.1,powell,87,1.0
1287,0.1,powell,88,1.0
1288,0.1,powell,89,1.0
1289,0.1,powell,90,1.0
1290,0.1,powell,91,1.0
1291,0.1,powell,92,1.0
1292,0.1,powell,93,0.9985686398445056
1293,0.1,powell,94,1.0
1294,0.1,powell,95,1.0
1295,0.1,powell,96,1.0
1296,0.1,powell,97,1.0
1297,0.1,powell,98,0.8316812749489989
1298,0.1,powell,99,1.0
1299,0.1,powell,100,0.994651491808655
1300,1.0,powell,1,1.0
1301,1.0,powell,2,1.0
1302,1.0,powell,3,0.967284616931105
1303,1.0,powell,4,0.7215851675286893
1304,1.0,powell,5,0.7486080242163499
1305,1.0,powell,6,1.0
1306,1.0,powell,7,0.8777677815930828
1307,1.0,powell,8,1.0
1308,1.0,powell,9,1.0
1309,1.0,powell,10,1.0
1310,1.0,powell,11,1.0
1311,1.0,powell,12,1.0
1312,1.0,powell,13,1.0
1313,1.0,powell,14,1.0
1314,1.0,powell,15,0.9944575779601644
1315,1.0,powell,16,1.0
1316,1.0,powell,17,1.0
1317,1.0,powell,18,1.0
1318,1.0,powell,19,1.0
1319,1.0,powell,20,0.9800332844325219
1320,1.0,powell,21,0.9616893216908078
1321,1.0,powell,22,1.0
1322,1.0,powell,23,0.8831921388816948
1323,1.0,powell,24,0.8879453460634321
1324,1.0,powell,25,0.9376044131441656
1325,1.0,powell,26,0.8978857022573263
1326,1.0,powell,27,1.0
1327,1.0,powell,28,0.9902316952785133
1328,1.0,powell,29,1.0
1329,1.0,powell,30,1.0
1330,1.0,powell,31,1.0
1331,1.0,powell,32,1.0
1332,1.0,powell,33,1.0
1333,1.0,powell,34,1.0
1334,1.0,powell,35,0.8761573305369534
1335,1.0,powell,36,0.8939984218631469
1336,1.0,powell,37,1.0
1337,1.0,powell,38,1.0
1338,1.0,powell,39,1.0
1339,1.0,powell,40,1.0
1340,1.0,powell,41,0.9407331755286912
1341,1.0,powell,42,1.0
1342,1.0,powell,43,1.0
1343,1.0,powell,44,0.9544158114377614
1344,1.0,powell,45,0.8560920360274993
1345,1.0,powell,46,0.9656514836048673
1346,1.0,powell,47,0.883457846312393
1347,1.0,powell,48,1.0
1348,1.0,powell,49,1.0
1349,1.0,powell,50,0.9914754477280875
1350,1.0,powell,51,0.9592569727081335
1351,1.0,powell,52,0.8919971874337105
1352,1.0,powell,53,1.0
1353,1.0,powell,54,1.0
1354,1.0,powell,55,1.0
1355,1.0,powell,56,1.0
1356,1.0,powell,57,1.0
1357,1.0,powell,58,1.0
1358,1.0,powell,59,1.0
1359,1.0,powell,60,1.0
1360,1.0,powell,61,0.9271824817521491
1361,1.0,powell,62,0.9716328828523968
1362,1.0,powell,63,1.0
1363,1.0,powell,64,0.9745486180485202
1364,1.0,powell,65,1.0
1365,1.0,powell,66,1.0
1366,1.0,powell,67,0.9433800787450786
1367,1.0,powell,68,0.9534839112648248
1368,1.0,powell,69,1.0
1369,1.0,powell,70,0.7475488401256838
1370,1.0,powell,71,1.0
1371,1.0,powell,72,1.0
1372,1.0,powell,73,1.0
1373,1.0,powell,74,1.0
1374,1.0,powell,75,1.0
1375,1.0,powell,76,1.0
1376,1.0,powell,77,1.0
1377,1.0,powell,78,1.0
1378,1.0,powell,79,1.0
1379,1.0,powell,80,1.0
1380,1.0,powell,81,1.0
1381,1.0,powell,82,0.9111630002372035
1382,1.0,powell,83,1.0
1383,1.0,powell,84,1.0
1384,1.0,powell,85,1.0
1385,1.0,powell,86,1.0
1386,1.0,powell,87,1.0
1387,1.0,powell,88,1.0
1388,1.0,powell,89,0.9962127597819426
1389,1.0,powell,90,1.0
1390,1.0,powell,91,0.9127945903452518
1391,1.0,powell,92,1.0
1392,1.0,powell,93,1.0
1393,1.0,powell,94,1.0
1394,1.0,powell,95,1.0
1395,1.0,powell,96,1.0
1396,1.0,powell,97,1.0
1397,1.0,powell,98,1.0
1398,1.0,powell,99,1.0
1399,1.0,powell,100,1.0
1400,10.0,powell,1,1.0
1401,10.0,powell,2,1.0
1402,10.0,powell,3,0.9759075628045601
1403,10.0,powell,4,1.0
1404,10.0,powell,5,1.0
1405,10.0,powell,6,0.957105391349336
1406,10.0,powell,7,1.0
1407,10.0,powell,8,1.0
1408,10.0,powell,9,1.0
1409,10.0,powell,10,1.0
1410,10.0,powell,11,0.981428164019182
1411,10.0,powell,12,1.0
1412,10.0,powell,13,1.0
1413,10.0,powell,14,1.0
1414,10.0,powell,15,1.0
1415,10.0,powell,16,1.0
1416,10.0,powell,17,1.0
1417,10.0,powell,18,1.0
1418,10.0,powell,19,0.8095446910409668
1419,10.0,powell,20,1.0
1420,10.0,powell,21,1.0
1421,10.0,powell,22,1.0
1422,10.0,powell,23,1.0
1423,10.0,powell,24,1.0
1424,10.0,powell,25,1.0
1425,10.0,powell,26,1.0
1426,10.0,powell,27,1.0
1427,10.0,powell,28,1.0
1428,10.0,powell,29,1.0
1429,10.0,powell,30,1.0
1430,10.0,powell,31,0.9827690862412957
1431,10.0,powell,32,1.0
1432,10.0,powell,33,1.0
1433,10.0,powell,34,1.0
1434,10.0,powell,35,0.9836421546267844
1435,10.0,powell,36,1.0
1436,10.0,powell,37,1.0
1437,10.0,powell,38,1.0
1438,10.0,powell,39,1.0
1439,10.0,powell,40,1.0
1440,10.0,powell,41,0.9880562116680187
1441,10.0,powell,42,1.0
1442,10.0,powell,43,1.0
1443,10.0,powell,44,1.0
1444,10.0,powell,45,1.0
1445,10.0,powell,46,1.0
1446,10.0,powell,47,1.0
1447,10.0,powell,48,1.0
1448,10.0,powell,49,1.0
1449,10.0,powell,50,1.0
1450,10.0,powell,51,1.0
1451,10.0,powell,52,1.0
1452,10.0,powell,53,1.0
1453,10.0,powell,54,1.0
1454,10.0,powell,55,1.0
1455,10.0,powell,56,1.0
1456,10.0,powell,57,1.0
1457,10.0,powell,58,1.0
1458,10.0,powell,59,1.0
1459,10.0,powell,60,1.0
1460,10.0,powell,61,0.9998679138616366
1461,10.0,powell,62,1.0
1462,10.0,powell,63,1.0
1463,10.0,powell,64,0.9578395020204457
1464,10.0,powell,65,1.0
1465,10.0,powell,66,1.0
1466,10.0,powell,67,1.0
1467,10.0,powell,68,0.9544322742407158
1468,10.0,powell,69,1.0
1469,10.0,powell,70,1.0
1470,10.0,powell,71,1.0
1471,10.0,powell,72,1.0
1472,10.0,powell,73,1.0
1473,10.0,powell,74,1.0
1474,10.0,powell,75,1.0
1475,10.0,powell,76,1.0
1476,10.0,powell,77,1.0
1477,10.0,powell,78,1.0
1478,10.0,powell,79,1.0
1479,10.0,powell,80,0.9782051926064711
1480,10.0,powell,81,0.9177554494558352
1481,10.0,powell,82,1.0
1482,10.0,powell,83,0.9921925164349804
1483,10.0,powell,84,1.0
1484,10.0,powell,85,1.0
1485,10.0,powell,86,1.0
1486,10.0,powell,87,1.0
1487,10.0,powell,88,1.0
1488,10.0,powell,89,0.973916956008067
1489,10.0,powell,90,1.0
1490,10.0,powell,91,1.0
1491,10.0,powell,92,1.0
1492,10.0,powell,93,1.0
1493,10.0,powell,94,1.0
1494,10.0,powell,95,1.0
1495,10.0,powell,96,1.0
1496,10.0,powell,97,1.0
1497,10.0,powell,98,1.0
1498,10.0,powell,99,1.0
1499,10.0,powell,100,1.0
1500,100.0,powell,1,1.0
1501,100.0,powell,2,1.0
1502,100.0,powell,3,1.0
1503,100.0,powell,4,1.0
1504,100.0,powell,5,1.0
1505,100.0,powell,6,1.0
1506,100.0,powell,7,1.0
1507,100.0,powell,8,1.0
1508,100.0,powell,9,0.8484544991575474
1509,100.0,powell,10,1.0
1510,100.0,powell,11,0.9617615785873451
1511,100.0,powell,12,1.0
1512,100.0,powell,13,1.0
1513,100.0,powell,14,1.0
1514,100.0,powell,15,1.0
1515,100.0,powell,16,1.0
1516,100.0,powell,17,0.9470751456070362
1517,100.0,powell,18,1.0
1518,100.0,powell,19,0.9190542491009573
1519,100.0,powell,20,0.868813919221602
1520,100.0,powell,21,1.0
1521,100.0,powell,22,0.8767656521197473
1522,100.0,powell,23,0.8300553777976616
1523,100.0,powell,24,1.0
1524,100.0,powell,25,1.0
1525,100.0,powell,26,1.0
1526,100.0,powell,27,1.0
1527,100.0,powell,28,0.9590281508581726
1528,100.0,powell,29,1.0
1529,100.0,powell,30,0.7201325877965906
1530,100.0,powell,31,1.0
1531,100.0,powell,32,1.0
1532,100.0,powell,33,0.9644892569814855
1533,100.0,powell,34,1.0
1534,100.0,powell,35,1.0
1535,100.0,powell,36,0.8150822368284636
1536,100.0,powell,37,1.0
1537,100.0,powell,38,1.0
1538,100.0,powell,39,0.9610335330202833
1539,100.0,powell,40,0.9927398702621041
1540,100.0,powell,41,0.8916166835038736
1541,100.0,powell,42,0.9415149728170868
1542,100.0,powell,43,1.0
1543,100.0,powell,44,1.0
1544,100.0,powell,45,0.8746874865826683
1545,100.0,powell,46,1.0
1546,100.0,powell,47,1.0
1547,100.0,powell,48,1.0
1548,100.0,powell,49,0.9211141345073185
1549,100.0,powell,50,1.0
1550,100.0,powell,51,1.0
1551,100.0,powell,52,1.0
1552,100.0,powell,53,1.0
1553,100.0,powell,54,1.0
1554,100.0,powell,55,0.9077579076309317
1555,100.0,powell,56,0.9852426622626799
1556,100.0,powell,57,0.7692121312149071
1557,100.0,powell,58,1.0
1558,100.0,powell,59,0.9867345985394326
1559,100.0,powell,60,0.9854654896365109
1560,100.0,powell,61,1.0
1561,100.0,powell,62,0.9887332720506197
1562,100.0,powell,63,1.0
1563,100.0,powell,64,0.9687501897655952
1564,100.0,powell,65,1.0
1565,100.0,powell,66,1.0
1566,100.0,powell,67,0.8869122803057571
1567,100.0,powell,68,1.0
1568,100.0,powell,69,0.8869927023278064
1569,100.0,powell,70,0.9616226468854857
1570,100.0,powell,71,0.9231036641454333
1571,100.0,powell,72,0.8540581704211724
1572,100.0,powell,73,0.9899623121046608
1573,100.0,powell,74,0.8222847199618439
1574,100.0,powell,75,1.0
1575,100.0,powell,76,1.0
1576,100.0,powell,77,1.0
1577,100.0,powell,78,1.0
1578,100.0,powell,79,0.9841233821934627
1579,100.0,powell,80,0.8934140536338641
1580,100.0,powell,81,1.0
1581,100.0,powell,82,1.0
1582,100.0,powell,83,0.9693538191711054
1583,100.0,powell,84,0.8791087592863918
1584,100.0,powell,85,1.0
1585,100.0,powell,86,0.9417619153171044
1586,100.0,powell,87,0.8057430123638587
1587,100.0,powell,88,0.9493998895553049
1588,100.0,powell,89,1.0
1589,100.0,powell,90,0.675635643395793
1590,100.0,powell,91,1.0
1591,100.0,powell,92,1.0
1592,100.0,powell,93,1.0
1593,100.0,powell,94,1.0
1594,100.0,powell,95,1.0
1595,100.0,powell,96,1.0
1596,100.0,powell,97,0.9149343671803567
1597,100.0,powell,98,0.8755384427767331
1598,100.0,powell,99,0.7945161445693807
1599,100.0,powell,100,1.0
